obs_code,req_date,error
DT_0026,20250220,"API error resultCode=03, resultMsg=NODATA_ERROR"
DT_0049,20250220,"API error resultCode=03, resultMsg=NODATA_ERROR"
DT_0031,20250220,"API error resultCode=03, resultMsg=NODATA_ERROR"
DT_0007,20250221,"API error resultCode=03, resultMsg=NODATA_ERROR"
DT_0026,20250221,"API error resultCode=03, resultMsg=NODATA_ERROR"
DT_0016,20250221,"API error resultCode=03, resultMsg=NODATA_ERROR"
DT_0049,20250221,"API error resultCode=03, resultMsg=NODATA_ERROR"
DT_0031,20250221,"API error resultCode=03, resultMsg=NODATA_ERROR"
DT_0007,20250222,"API error resultCode=03, resultMsg=NODATA_ERROR"
DT_0026,20250222,"API error resultCode=03, resultMsg=NODATA_ERROR"
DT_0016,20250222,"API error resultCode=03, resultMsg=NODATA_ERROR"
DT_0049,20250222,"API error resultCode=03, resultMsg=NODATA_ERROR"
DT_0031,20250222,"API error resultCode=03, resultMsg=NODATA_ERROR"
DT_0007,20250223,"API error resultCode=03, resultMsg=NODATA_ERROR"
DT_0026,20250223,"API error resultCode=03, resultMsg=NODATA_ERROR"
DT_0016,20250223,"API error resultCode=03, resultMsg=NODATA_ERROR"
DT_0049,20250223,"API error resultCode=03, resultMsg=NODATA_ERROR"
DT_0031,20250223,"API error resultCode=03, resultMsg=NODATA_ERROR"
DT_0007,20250224,"API error resultCode=03, resultMsg=NODATA_ERROR"
DT_0026,20250224,"API error resultCode=03, resultMsg=NODATA_ERROR"
DT_0016,20250224,"API error resultCode=03, resultMsg=NODATA_ERROR"
DT_0049,20250224,"API error resultCode=03, resultMsg=NODATA_ERROR"
DT_0031,20250224,"API error resultCode=03, resultMsg=NODATA_ERROR"
DT_0007,20250225,"API error resultCode=03, resultMsg=NODATA_ERROR"
DT_0026,20250225,"API error resultCode=03, resultMsg=NODATA_ERROR"
DT_0016,20250225,"API error resultCode=03, resultMsg=NODATA_ERROR"
DT_0049,20250225,"API error resultCode=03, resultMsg=NODATA_ERROR"
DT_0031,20250225,"API error resultCode=03, resultMsg=NODATA_ERROR"
DT_0007,20250226,"API error resultCode=03, resultMsg=NODATA_ERROR"
DT_0026,20250226,"API error resultCode=03, resultMsg=NODATA_ERROR"
DT_0016,20250226,"API error resultCode=03, resultMsg=NODATA_ERROR"
DT_0049,20250226,"API error resultCode=03, resultMsg=NODATA_ERROR"
DT_0031,20250226,"API error resultCode=03, resultMsg=NODATA_ERROR"
DT_0026,20250227,"API error resultCode=03, resultMsg=NODATA_ERROR"
DT_0016,20250227,"API error resultCode=03, resultMsg=NODATA_ERROR"
DT_0049,20250227,"API error resultCode=03, resultMsg=NODATA_ERROR"
DT_0031,20250227,"API error resultCode=03, resultMsg=NODATA_ERROR"
DT_0007,20250228,"API error resultCode=03, resultMsg=NODATA_ERROR"
DT_0026,20250228,"API error resultCode=03, resultMsg=NODATA_ERROR"
DT_0016,20250228,"API error resultCode=03, resultMsg=NODATA_ERROR"
DT_0049,20250228,"API error resultCode=03, resultMsg=NODATA_ERROR"
DT_0031,20250228,"API error resultCode=03, resultMsg=NODATA_ERROR"
DT_0007,20250301,"API error resultCode=03, resultMsg=NODATA_ERROR"
DT_0026,20250301,"API error resultCode=03, resultMsg=NODATA_ERROR"
DT_0016,20250301,"API error resultCode=03, resultMsg=NODATA_ERROR"
DT_0049,20250301,"API error resultCode=03, resultMsg=NODATA_ERROR"
DT_0031,20250301,"API error resultCode=03, resultMsg=NODATA_ERROR"
DT_0007,20250302,"API error resultCode=03, resultMsg=NODATA_ERROR"
DT_0026,20250302,"API error resultCode=03, resultMsg=NODATA_ERROR"
DT_0016,20250302,"API error resultCode=03, resultMsg=NODATA_ERROR"
DT_0049,20250302,"API error resultCode=03, resultMsg=NODATA_ERROR"
DT_0031,20250302,"API error resultCode=03, resultMsg=NODATA_ERROR"
DT_0007,20250303,"API error resultCode=03, resultMsg=NODATA_ERROR"
DT_0026,20250303,"API error resultCode=03, resultMsg=NODATA_ERROR"
DT_0016,20250303,"API error resultCode=03, resultMsg=NODATA_ERROR"
DT_0049,20250303,"API error resultCode=03, resultMsg=NODATA_ERROR"
DT_0031,20250303,"API error resultCode=03, resultMsg=NODATA_ERROR"
DT_0007,20250304,"API error resultCode=03, resultMsg=NODATA_ERROR"
DT_0026,20250304,"API error resultCode=03, resultMsg=NODATA_ERROR"
DT_0016,20250304,"API error resultCode=03, resultMsg=NODATA_ERROR"
DT_0049,20250304,"API error resultCode=03, resultMsg=NODATA_ERROR"
DT_0031,20250304,"API error resultCode=03, resultMsg=NODATA_ERROR"
DT_0007,20250305,"API error resultCode=03, resultMsg=NODATA_ERROR"
DT_0026,20250305,"API error resultCode=03, resultMsg=NODATA_ERROR"
DT_0016,20250305,"API error resultCode=03, resultMsg=NODATA_ERROR"
DT_0049,20250305,"API error resultCode=03, resultMsg=NODATA_ERROR"
DT_0031,20250305,"API error resultCode=03, resultMsg=NODATA_ERROR"
DT_0007,20250306,"API error resultCode=03, resultMsg=NODATA_ERROR"
DT_0026,20250306,"API error resultCode=03, resultMsg=NODATA_ERROR"
DT_0016,20250306,"API error resultCode=03, resultMsg=NODATA_ERROR"
DT_0049,20250306,"API error resultCode=03, resultMsg=NODATA_ERROR"
DT_0031,20250306,"API error resultCode=03, resultMsg=NODATA_ERROR"
DT_0007,20250417,"API error resultCode=03, resultMsg=NODATA_ERROR"
DT_0026,20250417,"API error resultCode=03, resultMsg=NODATA_ERROR"
DT_0016,20250417,"API error resultCode=03, resultMsg=NODATA_ERROR"
DT_0049,20250417,"API error resultCode=03, resultMsg=NODATA_ERROR"
DT_0007,20250418,"API error resultCode=03, resultMsg=NODATA_ERROR"
DT_0016,20250418,"API error resultCode=03, resultMsg=NODATA_ERROR"
DT_0031,20250418,"API error resultCode=03, resultMsg=NODATA_ERROR"
DT_0026,20250420,"API error resultCode=03, resultMsg=NODATA_ERROR"
DT_0049,20250420,"API error resultCode=03, resultMsg=NODATA_ERROR"
DT_0031,20250420,"API error resultCode=03, resultMsg=NODATA_ERROR"
DT_0026,20250421,"API error resultCode=03, resultMsg=NODATA_ERROR"
DT_0049,20250421,"API error resultCode=03, resultMsg=NODATA_ERROR"
DT_0016,20250422,"API error resultCode=03, resultMsg=NODATA_ERROR"
DT_0031,20250422,"API error resultCode=03, resultMsg=NODATA_ERROR"
DT_0031,20250423,"API error resultCode=03, resultMsg=NODATA_ERROR"
DT_0026,20250425,"API error resultCode=03, resultMsg=NODATA_ERROR"
DT_0049,20250425,"API error resultCode=03, resultMsg=NODATA_ERROR"
DT_0007,20250428,"API error resultCode=03, resultMsg=NODATA_ERROR"
DT_0026,20250428,"API error resultCode=03, resultMsg=NODATA_ERROR"
DT_0049,20250428,"API error resultCode=03, resultMsg=NODATA_ERROR"
DT_0031,20250428,"API error resultCode=03, resultMsg=NODATA_ERROR"
DT_0007,20250429,"API error resultCode=03, resultMsg=NODATA_ERROR"
DT_0026,20250429,"API error resultCode=03, resultMsg=NODATA_ERROR"
DT_0016,20250429,"API error resultCode=03, resultMsg=NODATA_ERROR"
DT_0049,20250429,"API error resultCode=03, resultMsg=NODATA_ERROR"
DT_0031,20250429,"API error resultCode=03, resultMsg=NODATA_ERROR"
DT_0016,20250430,"API error resultCode=03, resultMsg=NODATA_ERROR"
DT_0016,20250501,"API error resultCode=03, resultMsg=NODATA_ERROR"
DT_0049,20250501,"API error resultCode=03, resultMsg=NODATA_ERROR"
DT_0026,20250502,"API error resultCode=03, resultMsg=NODATA_ERROR"
DT_0049,20250502,"API error resultCode=03, resultMsg=NODATA_ERROR"
DT_0031,20250502,"API error resultCode=03, resultMsg=NODATA_ERROR"
DT_0026,20250503,"API error resultCode=03, resultMsg=NODATA_ERROR"
DT_0049,20250503,"API error resultCode=03, resultMsg=NODATA_ERROR"
DT_0031,20250503,"API error resultCode=03, resultMsg=NODATA_ERROR"
DT_0007,20250504,"API error resultCode=03, resultMsg=NODATA_ERROR"
DT_0016,20250504,"API error resultCode=03, resultMsg=NODATA_ERROR"
DT_0049,20250504,"API error resultCode=03, resultMsg=NODATA_ERROR"
DT_0031,20250504,"API error resultCode=03, resultMsg=NODATA_ERROR"
DT_0016,20250505,"API error resultCode=03, resultMsg=NODATA_ERROR"
DT_0049,20250505,"API error resultCode=03, resultMsg=NODATA_ERROR"
DT_0026,20250506,"API error resultCode=03, resultMsg=NODATA_ERROR"
DT_0031,20250506,"API error resultCode=03, resultMsg=NODATA_ERROR"
DT_0026,20250507,"API error resultCode=03, resultMsg=NODATA_ERROR"
DT_0049,20250507,"API error resultCode=03, resultMsg=NODATA_ERROR"
DT_0026,20250508,"API error resultCode=03, resultMsg=NODATA_ERROR"
DT_0016,20250509,"API error resultCode=03, resultMsg=NODATA_ERROR"
DT_0026,20250510,"API error resultCode=03, resultMsg=NODATA_ERROR"
DT_0031,20250510,"API error resultCode=03, resultMsg=NODATA_ERROR"
DT_0026,20250511,"API error resultCode=03, resultMsg=NODATA_ERROR"
DT_0016,20250511,"API error resultCode=03, resultMsg=NODATA_ERROR"
DT_0049,20250511,"API error resultCode=03, resultMsg=NODATA_ERROR"
DT_0031,20250511,"API error resultCode=03, resultMsg=NODATA_ERROR"
DT_0016,20250513,"API error resultCode=03, resultMsg=NODATA_ERROR"
DT_0026,20250514,"API error resultCode=03, resultMsg=NODATA_ERROR"
DT_0049,20250514,"API error resultCode=03, resultMsg=NODATA_ERROR"
DT_0031,20250514,"API error resultCode=03, resultMsg=NODATA_ERROR"
DT_0026,20250515,"API error resultCode=03, resultMsg=NODATA_ERROR"
DT_0049,20250515,"API error resultCode=03, resultMsg=NODATA_ERROR"
DT_0031,20250515,"API error resultCode=03, resultMsg=NODATA_ERROR"
DT_0026,20250516,"API error resultCode=03, resultMsg=NODATA_ERROR"
DT_0016,20250517,"API error resultCode=03, resultMsg=NODATA_ERROR"
DT_0007,20250518,"API error resultCode=03, resultMsg=NODATA_ERROR"
DT_0026,20250518,"API error resultCode=03, resultMsg=NODATA_ERROR"
DT_0049,20250518,"API error resultCode=03, resultMsg=NODATA_ERROR"
DT_0031,20250518,"API error resultCode=03, resultMsg=NODATA_ERROR"
DT_0026,20250519,"API error resultCode=03, resultMsg=NODATA_ERROR"
DT_0016,20250519,"API error resultCode=03, resultMsg=NODATA_ERROR"
DT_0031,20250519,"API error resultCode=03, resultMsg=NODATA_ERROR"
DT_0026,20250520,"API error resultCode=03, resultMsg=NODATA_ERROR"
DT_0049,20250520,"API error resultCode=03, resultMsg=NODATA_ERROR"
DT_0026,20250522,"API error resultCode=03, resultMsg=NODATA_ERROR"
DT_0049,20250522,"API error resultCode=03, resultMsg=NODATA_ERROR"
DT_0031,20250522,"API error resultCode=03, resultMsg=NODATA_ERROR"
DT_0026,20250524,"API error resultCode=03, resultMsg=NODATA_ERROR"
DT_0049,20250524,"API error resultCode=03, resultMsg=NODATA_ERROR"
DT_0007,20250525,"API error resultCode=03, resultMsg=NODATA_ERROR"
DT_0016,20250525,"API error resultCode=03, resultMsg=NODATA_ERROR"
DT_0049,20250525,"API error resultCode=03, resultMsg=NODATA_ERROR"
DT_0031,20250525,"API error resultCode=03, resultMsg=NODATA_ERROR"
DT_0007,20250526,"API error resultCode=03, resultMsg=NODATA_ERROR"
DT_0026,20250526,"API error resultCode=03, resultMsg=NODATA_ERROR"
DT_0031,20250526,"API error resultCode=03, resultMsg=NODATA_ERROR"
DT_0007,20250527,"API error resultCode=03, resultMsg=NODATA_ERROR"
DT_0026,20250527,"API error resultCode=03, resultMsg=NODATA_ERROR"
DT_0016,20250527,"API error resultCode=03, resultMsg=NODATA_ERROR"
DT_0049,20250527,"API error resultCode=03, resultMsg=NODATA_ERROR"
DT_0031,20250527,"API error resultCode=03, resultMsg=NODATA_ERROR"
DT_0026,20250528,"API error resultCode=03, resultMsg=NODATA_ERROR"
DT_0016,20250528,"API error resultCode=03, resultMsg=NODATA_ERROR"
DT_0007,20250606,"API error resultCode=03, resultMsg=NODATA_ERROR"
DT_0026,20250606,"API error resultCode=03, resultMsg=NODATA_ERROR"
DT_0016,20250606,"API error resultCode=03, resultMsg=NODATA_ERROR"
DT_0049,20250606,"API error resultCode=03, resultMsg=NODATA_ERROR"
DT_0031,20250606,"API error resultCode=03, resultMsg=NODATA_ERROR"
DT_0007,20250607,"API error resultCode=03, resultMsg=NODATA_ERROR"
DT_0026,20250607,"API error resultCode=03, resultMsg=NODATA_ERROR"
DT_0016,20250607,"API error resultCode=03, resultMsg=NODATA_ERROR"
DT_0049,20250607,"API error resultCode=03, resultMsg=NODATA_ERROR"
DT_0031,20250607,"API error resultCode=03, resultMsg=NODATA_ERROR"
DT_0026,20250608,"API error resultCode=03, resultMsg=NODATA_ERROR"
DT_0049,20250608,"API error resultCode=03, resultMsg=NODATA_ERROR"
DT_0031,20250608,"API error resultCode=03, resultMsg=NODATA_ERROR"
DT_0026,20250609,"API error resultCode=03, resultMsg=NODATA_ERROR"
DT_0016,20250609,"API error resultCode=03, resultMsg=NODATA_ERROR"
DT_0049,20250609,"API error resultCode=03, resultMsg=NODATA_ERROR"
DT_0031,20250609,"API error resultCode=03, resultMsg=NODATA_ERROR"
DT_0026,20250610,"API error resultCode=03, resultMsg=NODATA_ERROR"
DT_0016,20250610,"API error resultCode=03, resultMsg=NODATA_ERROR"
DT_0049,20250610,"API error resultCode=03, resultMsg=NODATA_ERROR"
DT_0031,20250610,"API error resultCode=03, resultMsg=NODATA_ERROR"
DT_0007,20250611,"API error resultCode=03, resultMsg=NODATA_ERROR"
DT_0026,20250611,"API error resultCode=03, resultMsg=NODATA_ERROR"
DT_0016,20250611,"API error resultCode=03, resultMsg=NODATA_ERROR"
DT_0031,20250611,"API error resultCode=03, resultMsg=NODATA_ERROR"
DT_0049,20250613,"API error resultCode=03, resultMsg=NODATA_ERROR"
DT_0026,20250615,"API error resultCode=03, resultMsg=NODATA_ERROR"
DT_0016,20250615,"API error resultCode=03, resultMsg=NODATA_ERROR"
DT_0049,20250615,"API error resultCode=03, resultMsg=NODATA_ERROR"
DT_0031,20250615,"API error resultCode=03, resultMsg=NODATA_ERROR"
DT_0026,20250620,"API error resultCode=03, resultMsg=NODATA_ERROR"
DT_0026,20250627,"API error resultCode=03, resultMsg=NODATA_ERROR"
DT_0016,20250629,"API error resultCode=03, resultMsg=NODATA_ERROR"
DT_0049,20250629,"API error resultCode=03, resultMsg=NODATA_ERROR"
DT_0026,20250630,"API error resultCode=03, resultMsg=NODATA_ERROR"
DT_0026,20250704,"API error resultCode=03, resultMsg=NODATA_ERROR"
DT_0049,20250704,"API error resultCode=03, resultMsg=NODATA_ERROR"
DT_0026,20250706,"API error resultCode=03, resultMsg=NODATA_ERROR"
DT_0016,20250707,"API error resultCode=03, resultMsg=NODATA_ERROR"
DT_0049,20250707,"API error resultCode=03, resultMsg=NODATA_ERROR"
DT_0026,20250708,"API error resultCode=03, resultMsg=NODATA_ERROR"
DT_0049,20250708,"API error resultCode=03, resultMsg=NODATA_ERROR"
DT_0049,20250711,"API error resultCode=03, resultMsg=NODATA_ERROR"
DT_0007,20250713,"API error resultCode=03, resultMsg=NODATA_ERROR"
DT_0016,20250713,"API error resultCode=03, resultMsg=NODATA_ERROR"
DT_0049,20250713,"API error resultCode=03, resultMsg=NODATA_ERROR"
DT_0031,20250713,"API error resultCode=03, resultMsg=NODATA_ERROR"
DT_0031,20250714,"API error resultCode=03, resultMsg=NODATA_ERROR"
DT_0049,20250715,"API error resultCode=03, resultMsg=NODATA_ERROR"
DT_0026,20250718,"API error resultCode=03, resultMsg=NODATA_ERROR"
DT_0031,20250718,"API error resultCode=03, resultMsg=NODATA_ERROR"
DT_0026,20250720,"API error resultCode=03, resultMsg=NODATA_ERROR"
DT_0049,20250720,"API error resultCode=03, resultMsg=NODATA_ERROR"
DT_0049,20250806,"API error resultCode=03, resultMsg=NODATA_ERROR"
DT_0031,20250806,"API error resultCode=03, resultMsg=NODATA_ERROR"
DT_0026,20250914,"API error resultCode=03, resultMsg=NODATA_ERROR"
DT_0026,20250915,"API error resultCode=03, resultMsg=NODATA_ERROR"
